"x","y","Genera"
-176.6767831125,78.60320205,66
11.6251970375,78.60320205,1
22.2837996875,70.64364305,1
25.8366672375,70.64364305,3
146.6341639375,70.64364305,1
20.5073659125,69.84768715,1
22.2837996875,69.84768715,1
24.0602334625,69.84768715,1
27.6131010125,69.84768715,4
29.3895347875,69.84768715,1
-54.1028526375,69.05173125,1
-50.5499850875,69.05173125,1
18.7309321375,69.05173125,1
20.5073659125,69.05173125,4
22.2837996875,69.05173125,1
25.8366672375,69.05173125,1
27.6131010125,69.05173125,1
24.0602334625,68.25577535,2
27.6131010125,68.25577535,1
13.4016308125,67.45981945,1
15.1780645875,67.45981945,1
16.9544983625,67.45981945,1
20.5073659125,67.45981945,1
22.2837996875,67.45981945,1
25.8366672375,67.45981945,1
27.6131010125,67.45981945,1
29.3895347875,67.45981945,1
20.5073659125,66.66386355,1
22.2837996875,66.66386355,1
25.8366672375,66.66386355,1
29.3895347875,66.66386355,1
-54.1028526375,65.86790765,1
13.4016308125,65.86790765,2
16.9544983625,65.86790765,2
18.7309321375,65.86790765,1
20.5073659125,65.86790765,1
22.2837996875,65.86790765,2
24.0602334625,65.86790765,1
25.8366672375,65.86790765,2
27.6131010125,65.86790765,1
29.3895347875,65.86790765,1
-23.9034784625,65.07195175,1
-22.1270446875,65.07195175,1
11.6251970375,65.07195175,1
13.4016308125,65.07195175,3
15.1780645875,65.07195175,2
16.9544983625,65.07195175,1
22.2837996875,65.07195175,1
25.8366672375,65.07195175,1
-22.1270446875,64.27599585,1
-16.7977433625,64.27599585,1
9.8487632625,64.27599585,1
11.6251970375,64.27599585,2
13.4016308125,64.27599585,1
15.1780645875,64.27599585,1
18.7309321375,64.27599585,1
20.5073659125,64.27599585,1
22.2837996875,64.27599585,1
29.3895347875,64.27599585,1
8.07232948749999,63.48003995,4
9.8487632625,63.48003995,11
11.6251970375,63.48003995,8
13.4016308125,63.48003995,9
15.1780645875,63.48003995,2
16.9544983625,63.48003995,2
18.7309321375,63.48003995,1
20.5073659125,63.48003995,3
25.8366672375,63.48003995,1
31.1659685625,63.48003995,1
6.2958957125,62.68408405,28
8.07232948749999,62.68408405,3
9.8487632625,62.68408405,4
13.4016308125,62.68408405,3
15.1780645875,62.68408405,2
22.2837996875,62.68408405,1
-6.13914071250002,61.88812815,1
4.51946193749998,61.88812815,11
6.2958957125,61.88812815,2
8.07232948749999,61.88812815,7
9.8487632625,61.88812815,1
11.6251970375,61.88812815,1
13.4016308125,61.88812815,1
15.1780645875,61.88812815,1
22.2837996875,61.88812815,1
24.0602334625,61.88812815,5
25.8366672375,61.88812815,3
29.3895347875,61.88812815,2
50.7067400875,61.88812815,2
-135.8188062875,61.09217225,1
-48.7735513125,61.09217225,1
4.51946193749998,61.09217225,13
6.2958957125,61.09217225,5
8.07232948749999,61.09217225,4
9.8487632625,61.09217225,5
13.4016308125,61.09217225,1
15.1780645875,61.09217225,3
16.9544983625,61.09217225,3
22.2837996875,61.09217225,2
24.0602334625,61.09217225,7
25.8366672375,61.09217225,1
27.6131010125,61.09217225,4
29.3895347875,61.09217225,2
68.4710778375,61.09217225,2
4.51946193749998,60.29621635,1
6.2958957125,60.29621635,5
8.07232948749999,60.29621635,2
9.8487632625,60.29621635,6
11.6251970375,60.29621635,3
13.4016308125,60.29621635,1
15.1780645875,60.29621635,1
16.9544983625,60.29621635,4
18.7309321375,60.29621635,5
22.2837996875,60.29621635,3
24.0602334625,60.29621635,5
29.3895347875,60.29621635,4
31.1659685625,60.29621635,1
-135.8188062875,59.50026045,1
4.51946193749998,59.50026045,7
6.2958957125,59.50026045,10
9.8487632625,59.50026045,9
11.6251970375,59.50026045,8
13.4016308125,59.50026045,7
15.1780645875,59.50026045,8
16.9544983625,59.50026045,20
18.7309321375,59.50026045,16
24.0602334625,59.50026045,1
27.6131010125,59.50026045,1
31.1659685625,59.50026045,1
-4.36270693750001,58.70430455,1
6.2958957125,58.70430455,18
8.07232948749999,58.70430455,3
9.8487632625,58.70430455,4
11.6251970375,58.70430455,10
13.4016308125,58.70430455,5
15.1780645875,58.70430455,5
16.9544983625,58.70430455,18
18.7309321375,58.70430455,1
22.2837996875,58.70430455,1
24.0602334625,58.70430455,1
31.1659685625,58.70430455,1
-4.36270693750001,57.90834865,2
6.2958957125,57.90834865,5
8.07232948749999,57.90834865,6
9.8487632625,57.90834865,2
11.6251970375,57.90834865,19
13.4016308125,57.90834865,17
15.1780645875,57.90834865,16
16.9544983625,57.90834865,2
18.7309321375,57.90834865,2
72.0239453875,57.90834865,1
-135.8188062875,57.11239275,16
-123.3837698625,57.11239275,1
-121.6073360875,57.11239275,1
-6.13914071250002,57.11239275,3
-4.36270693750001,57.11239275,10
-2.58627316250002,57.11239275,2
8.07232948749999,57.11239275,9
9.8487632625,57.11239275,6
11.6251970375,57.11239275,9
13.4016308125,57.11239275,19
15.1780645875,57.11239275,14
16.9544983625,57.11239275,4
18.7309321375,57.11239275,2
24.0602334625,57.11239275,3
36.4952698875,57.11239275,1
61.3653427375,57.11239275,1
-6.13914071250002,56.31643685,5
-4.36270693750001,56.31643685,8
-2.58627316250002,56.31643685,5
8.07232948749999,56.31643685,6
9.8487632625,56.31643685,22
11.6251970375,56.31643685,8
13.4016308125,56.31643685,23
15.1780645875,56.31643685,18
16.9544983625,56.31643685,4
31.1659685625,56.31643685,1
36.4952698875,56.31643685,19
40.0481374375,56.31643685,1
47.1538725375,56.31643685,1
-132.2659387375,55.52048095,1
-7.91557448750001,55.52048095,1
-6.13914071250002,55.52048095,14
-4.36270693750001,55.52048095,7
-2.58627316250002,55.52048095,8
-0.809839387500006,55.52048095,1
8.07232948749999,55.52048095,5
9.8487632625,55.52048095,11
11.6251970375,55.52048095,17
13.4016308125,55.52048095,16
20.5073659125,55.52048095,1
22.2837996875,55.52048095,2
36.4952698875,55.52048095,1
38.2717036625,55.52048095,16
40.0481374375,55.52048095,1
59.5889089625,55.52048095,1
68.4710778375,55.52048095,1
-128.7130711875,54.72452505,1
-7.91557448750001,54.72452505,1
-6.13914071250002,54.72452505,1
-4.36270693750001,54.72452505,3
-2.58627316250002,54.72452505,27
-0.809839387500006,54.72452505,10
9.8487632625,54.72452505,15
11.6251970375,54.72452505,1
13.4016308125,54.72452505,1
15.1780645875,54.72452505,1
16.9544983625,54.72452505,11
18.7309321375,54.72452505,14
25.8366672375,54.72452505,3
27.6131010125,54.72452505,12
72.0239453875,54.72452505,1
73.8003791625,54.72452505,1
159.0692003625,54.72452505,1
-132.2659387375,53.92856915,3
-123.3837698625,53.92856915,1
-7.91557448750001,53.92856915,2
-6.13914071250002,53.92856915,2
-4.36270693750001,53.92856915,1
-2.58627316250002,53.92856915,20
-0.809839387500006,53.92856915,34
9.8487632625,53.92856915,4
11.6251970375,53.92856915,1
18.7309321375,53.92856915,1
22.2837996875,53.92856915,1
36.4952698875,53.92856915,1
38.2717036625,53.92856915,1
-130.4895049625,53.13261325,2
-128.7130711875,53.13261325,1
-118.0544685375,53.13261325,3
-114.5016009875,53.13261325,1
-112.7251672125,53.13261325,1
-9.6920082625,53.13261325,1
-7.91557448750001,53.13261325,3
-6.13914071250002,53.13261325,2
-4.36270693750001,53.13261325,10
-2.58627316250002,53.13261325,45
-0.809839387500006,53.13261325,38
0.966594387499981,53.13261325,9
4.51946193749998,53.13261325,7
6.2958957125,53.13261325,22
9.8487632625,53.13261325,1
13.4016308125,53.13261325,3
79.1296804875,53.13261325,1
-128.7130711875,52.33665735,3
-119.8309023125,52.33665735,2
-118.0544685375,52.33665735,1
-109.1722996625,52.33665735,1
-9.6920082625,52.33665735,1
-7.91557448750001,52.33665735,1
-6.13914071250002,52.33665735,1
-4.36270693750001,52.33665735,2
-2.58627316250002,52.33665735,13
-0.809839387500006,52.33665735,21
0.966594387499981,52.33665735,12
4.51946193749998,52.33665735,45
6.2958957125,52.33665735,35
8.07232948749999,52.33665735,2
9.8487632625,52.33665735,5
11.6251970375,52.33665735,1
13.4016308125,52.33665735,15
15.1780645875,52.33665735,2
16.9544983625,52.33665735,2
20.5073659125,52.33665735,3
24.0602334625,52.33665735,2
34.7188361125,52.33665735,1
80.9061142625,52.33665735,1
-128.7130711875,51.54070145,2
-121.6073360875,51.54070145,1
-119.8309023125,51.54070145,1
-116.2780347625,51.54070145,2
-7.91557448750001,51.54070145,1
-4.36270693750001,51.54070145,5
-2.58627316250002,51.54070145,23
-0.809839387500006,51.54070145,34
0.966594387499981,51.54070145,6
2.7430281625,51.54070145,9
4.51946193749998,51.54070145,32
6.2958957125,51.54070145,35
8.07232948749999,51.54070145,5
9.8487632625,51.54070145,20
11.6251970375,51.54070145,5
16.9544983625,51.54070145,1
18.7309321375,51.54070145,6
20.5073659125,51.54070145,3
54.2596076375,51.54070145,1
79.1296804875,51.54070145,1
95.1175844625,51.54070145,1
103.9997533375,51.54070145,1
119.9876573125,51.54070145,1
-128.7130711875,50.74474555,3
-126.9366374125,50.74474555,3
-119.8309023125,50.74474555,7
-114.5016009875,50.74474555,3
-4.36270693750001,50.74474555,23
-2.58627316250002,50.74474555,3
-0.809839387500006,50.74474555,35
0.966594387499981,50.74474555,10
2.7430281625,50.74474555,2
4.51946193749998,50.74474555,11
6.2958957125,50.74474555,18
8.07232948749999,50.74474555,27
9.8487632625,50.74474555,16
11.6251970375,50.74474555,4
13.4016308125,50.74474555,3
15.1780645875,50.74474555,9
16.9544983625,50.74474555,1
20.5073659125,50.74474555,2
22.2837996875,50.74474555,1
24.0602334625,50.74474555,1
29.3895347875,50.74474555,1
31.1659685625,50.74474555,2
36.4952698875,50.74474555,1
114.6583559875,50.74474555,1
116.4347897625,50.74474555,1
118.2112235375,50.74474555,1
119.9876573125,50.74474555,1
-126.9366374125,49.94878965,1
-125.1602036375,49.94878965,23
-123.3837698625,49.94878965,9
-119.8309023125,49.94878965,2
-116.2780347625,49.94878965,1
-109.1722996625,49.94878965,1
-96.7372632375,49.94878965,1
-94.9608294625,49.94878965,1
-6.13914071250002,49.94878965,11
-4.36270693750001,49.94878965,20
0.966594387499981,49.94878965,2
4.51946193749998,49.94878965,8
6.2958957125,49.94878965,26
8.07232948749999,49.94878965,23
9.8487632625,49.94878965,4
11.6251970375,49.94878965,3
13.4016308125,49.94878965,2
15.1780645875,49.94878965,5
16.9544983625,49.94878965,14
18.7309321375,49.94878965,4
20.5073659125,49.94878965,6
22.2837996875,49.94878965,1
27.6131010125,49.94878965,2
31.1659685625,49.94878965,1
36.4952698875,49.94878965,2
111.1054884375,49.94878965,1
112.8819222125,49.94878965,1
116.4347897625,49.94878965,1
118.2112235375,49.94878965,1
-126.9366374125,49.15283375,5
-125.1602036375,49.15283375,21
-123.3837698625,49.15283375,40
-121.6073360875,49.15283375,16
-119.8309023125,49.15283375,1
-118.0544685375,49.15283375,1
-71.8671903875,49.15283375,1
0.966594387499981,49.15283375,5
2.7430281625,49.15283375,20
4.51946193749998,49.15283375,3
8.07232948749999,49.15283375,9
9.8487632625,49.15283375,20
11.6251970375,49.15283375,4
13.4016308125,49.15283375,10
15.1780645875,49.15283375,1
16.9544983625,49.15283375,5
18.7309321375,49.15283375,7
20.5073659125,49.15283375,2
-125.1602036375,48.35687785,7
-123.3837698625,48.35687785,21
-121.6073360875,48.35687785,2
-91.4079619125,48.35687785,1
-89.6315281375,48.35687785,1
-71.8671903875,48.35687785,1
-4.36270693750001,48.35687785,14
-2.58627316250002,48.35687785,24
-0.809839387500006,48.35687785,5
0.966594387499981,48.35687785,9
2.7430281625,48.35687785,20
4.51946193749998,48.35687785,5
6.2958957125,48.35687785,2
8.07232948749999,48.35687785,17
9.8487632625,48.35687785,4
11.6251970375,48.35687785,6
13.4016308125,48.35687785,2
15.1780645875,48.35687785,9
16.9544983625,48.35687785,12
18.7309321375,48.35687785,8
22.2837996875,48.35687785,6
-125.1602036375,47.56092195,2
-123.3837698625,47.56092195,4
-121.6073360875,47.56092195,8
-118.0544685375,47.56092195,1
-98.5136970125,47.56092195,1
-91.4079619125,47.56092195,4
-70.0907566125,47.56092195,1
-0.809839387500006,47.56092195,3
0.966594387499981,47.56092195,5
2.7430281625,47.56092195,2
4.51946193749998,47.56092195,5
6.2958957125,47.56092195,1
8.07232948749999,47.56092195,23
9.8487632625,47.56092195,10
11.6251970375,47.56092195,24
13.4016308125,47.56092195,16
15.1780645875,47.56092195,16
16.9544983625,47.56092195,13
18.7309321375,47.56092195,6
20.5073659125,47.56092195,2
-123.3837698625,46.76496605,5
-121.6073360875,46.76496605,2
-87.8550943625,46.76496605,3
-84.3022268125,46.76496605,2
-71.8671903875,46.76496605,2
-61.2085877375,46.76496605,1
0.966594387499981,46.76496605,4
2.7430281625,46.76496605,1
4.51946193749998,46.76496605,4
6.2958957125,46.76496605,19
8.07232948749999,46.76496605,1
9.8487632625,46.76496605,3
11.6251970375,46.76496605,6
13.4016308125,46.76496605,9
15.1780645875,46.76496605,32
16.9544983625,46.76496605,10
18.7309321375,46.76496605,9
20.5073659125,46.76496605,6
22.2837996875,46.76496605,4
24.0602334625,46.76496605,1
-123.3837698625,45.96901015,1
-121.6073360875,45.96901015,2
-91.4079619125,45.96901015,1
-84.3022268125,45.96901015,3
-78.9729254875,45.96901015,2
-77.1964917125,45.96901015,2
-75.4200579375,45.96901015,1
-73.6436241625,45.96901015,4
-71.8671903875,45.96901015,2
-66.5378890625,45.96901015,2
-64.7614552875,45.96901015,6
-61.2085877375,45.96901015,1
-59.4321539625,45.96901015,1
-0.809839387500006,45.96901015,1
2.7430281625,45.96901015,6
4.51946193749998,45.96901015,4
6.2958957125,45.96901015,7
8.07232948749999,45.96901015,12
9.8487632625,45.96901015,14
11.6251970375,45.96901015,2
13.4016308125,45.96901015,6
15.1780645875,45.96901015,8
18.7309321375,45.96901015,5
-123.3837698625,45.17305425,10
-121.6073360875,45.17305425,1
-87.8550943625,45.17305425,1
-84.3022268125,45.17305425,2
-80.7493592625,45.17305425,2
-78.9729254875,45.17305425,3
-75.4200579375,45.17305425,7
-73.6436241625,45.17305425,2
-71.8671903875,45.17305425,1
-68.3143228375,45.17305425,1
-66.5378890625,45.17305425,2
-64.7614552875,45.17305425,8
-62.9850215125,45.17305425,6
0.966594387499981,45.17305425,1
2.7430281625,45.17305425,1
4.51946193749998,45.17305425,3
6.2958957125,45.17305425,6
8.07232948749999,45.17305425,20
9.8487632625,45.17305425,1
11.6251970375,45.17305425,2
13.4016308125,45.17305425,4
15.1780645875,45.17305425,3
32.9424023375,45.17305425,2
34.7188361125,45.17305425,1
146.6341639375,45.17305425,1
-123.3837698625,44.37709835,10
-116.2780347625,44.37709835,1
-94.9608294625,44.37709835,1
-93.1843956875,44.37709835,1
-89.6315281375,44.37709835,1
-87.8550943625,44.37709835,1
-80.7493592625,44.37709835,1
-78.9729254875,44.37709835,10
-77.1964917125,44.37709835,4
-73.6436241625,44.37709835,5
-71.8671903875,44.37709835,4
-70.0907566125,44.37709835,2
-68.3143228375,44.37709835,13
-66.5378890625,44.37709835,1
-64.7614552875,44.37709835,5
-62.9850215125,44.37709835,2
-0.809839387500006,44.37709835,2
2.7430281625,44.37709835,4
4.51946193749998,44.37709835,13
6.2958957125,44.37709835,1
8.07232948749999,44.37709835,2
9.8487632625,44.37709835,1
11.6251970375,44.37709835,2
15.1780645875,44.37709835,7
16.9544983625,44.37709835,1
20.5073659125,44.37709835,1
32.9424023375,44.37709835,1
34.7188361125,44.37709835,3
38.2717036625,44.37709835,1
40.0481374375,44.37709835,1
43.6010049875,44.37709835,1
134.1991275125,44.37709835,1
135.9755612875,44.37709835,1
146.6341639375,44.37709835,1
-123.3837698625,43.58114245,2
-121.6073360875,43.58114245,1
-96.7372632375,43.58114245,1
-91.4079619125,43.58114245,3
-84.3022268125,43.58114245,1
-80.7493592625,43.58114245,2
-78.9729254875,43.58114245,1
-73.6436241625,43.58114245,7
-71.8671903875,43.58114245,6
-64.7614552875,43.58114245,1
-7.91557448750001,43.58114245,2
-4.36270693750001,43.58114245,1
2.7430281625,43.58114245,10
4.51946193749998,43.58114245,16
6.2958957125,43.58114245,10
8.07232948749999,43.58114245,3
9.8487632625,43.58114245,1
11.6251970375,43.58114245,4
13.4016308125,43.58114245,1
15.1780645875,43.58114245,1
16.9544983625,43.58114245,1
40.0481374375,43.58114245,2
43.6010049875,43.58114245,1
118.2112235375,43.58114245,1
134.1991275125,43.58114245,1
144.8577301625,43.58114245,1
146.6341639375,43.58114245,2
-125.1602036375,42.78518655,1
-118.0544685375,42.78518655,1
-89.6315281375,42.78518655,1
-86.0786605875,42.78518655,1
-78.9729254875,42.78518655,3
-77.1964917125,42.78518655,3
-75.4200579375,42.78518655,1
-73.6436241625,42.78518655,13
-71.8671903875,42.78518655,19
-70.0907566125,42.78518655,1
-9.6920082625,42.78518655,1
-7.91557448750001,42.78518655,4
-6.13914071250002,42.78518655,2
-2.58627316250002,42.78518655,2
-0.809839387500006,42.78518655,3
0.966594387499981,42.78518655,1
2.7430281625,42.78518655,13
6.2958957125,42.78518655,1
9.8487632625,42.78518655,3
11.6251970375,42.78518655,3
18.7309321375,42.78518655,2
24.0602334625,42.78518655,1
40.0481374375,42.78518655,1
41.8245712125,42.78518655,1
132.4226937375,42.78518655,1
-89.6315281375,41.98923065,3
-87.8550943625,41.98923065,6
-86.0786605875,41.98923065,1
-80.7493592625,41.98923065,2
-78.9729254875,41.98923065,3
-77.1964917125,41.98923065,2
-73.6436241625,41.98923065,9
-71.8671903875,41.98923065,10
-70.0907566125,41.98923065,2
-9.6920082625,41.98923065,1
-7.91557448750001,41.98923065,8
-2.58627316250002,41.98923065,1
-0.809839387500006,41.98923065,1
0.966594387499981,41.98923065,2
2.7430281625,41.98923065,7
8.07232948749999,41.98923065,1
9.8487632625,41.98923065,1
11.6251970375,41.98923065,4
18.7309321375,41.98923065,3
24.0602334625,41.98923065,1
25.8366672375,41.98923065,1
-123.3837698625,41.19327475,4
-121.6073360875,41.19327475,2
-112.7251672125,41.19327475,1
-91.4079619125,41.19327475,1
-89.6315281375,41.19327475,7
-87.8550943625,41.19327475,3
-84.3022268125,41.19327475,1
-82.5257930375,41.19327475,2
-80.7493592625,41.19327475,2
-78.9729254875,41.19327475,2
-77.1964917125,41.19327475,2
-75.4200579375,41.19327475,11
-73.6436241625,41.19327475,8
-71.8671903875,41.19327475,2
-70.0907566125,41.19327475,4
-7.91557448750001,41.19327475,1
-6.13914071250002,41.19327475,1
-2.58627316250002,41.19327475,1
-0.809839387500006,41.19327475,1
0.966594387499981,41.19327475,1
2.7430281625,41.19327475,6
9.8487632625,41.19327475,2
13.4016308125,41.19327475,1
15.1780645875,41.19327475,7
24.0602334625,41.19327475,1
47.1538725375,41.19327475,1
-123.3837698625,40.39731885,1
-121.6073360875,40.39731885,3
-114.5016009875,40.39731885,1
-112.7251672125,40.39731885,1
-105.6194321125,40.39731885,1
-91.4079619125,40.39731885,2
-80.7493592625,40.39731885,2
-78.9729254875,40.39731885,2
-77.1964917125,40.39731885,2
-75.4200579375,40.39731885,6
-73.6436241625,40.39731885,12
-9.6920082625,40.39731885,1
-7.91557448750001,40.39731885,3
-4.36270693750001,40.39731885,5
-2.58627316250002,40.39731885,3
0.966594387499981,40.39731885,1
15.1780645875,40.39731885,3
18.7309321375,40.39731885,3
22.2837996875,40.39731885,1
-121.6073360875,39.60136295,10
-119.8309023125,39.60136295,1
-105.6194321125,39.60136295,2
-87.8550943625,39.60136295,3
-86.0786605875,39.60136295,1
-82.5257930375,39.60136295,14
-80.7493592625,39.60136295,4
-78.9729254875,39.60136295,3
-77.1964917125,39.60136295,5
-75.4200579375,39.60136295,5
-73.6436241625,39.60136295,2
-7.91557448750001,39.60136295,5
-4.36270693750001,39.60136295,2
-2.58627316250002,39.60136295,1
-0.809839387500006,39.60136295,3
2.7430281625,39.60136295,12
4.51946193749998,39.60136295,1
20.5073659125,39.60136295,1
45.3774387625,39.60136295,1
139.5284288375,39.60136295,1
141.3048626125,39.60136295,1
-123.3837698625,38.80540705,8
-121.6073360875,38.80540705,1
-109.1722996625,38.80540705,1
-94.9608294625,38.80540705,1
-91.4079619125,38.80540705,7
-86.0786605875,38.80540705,2
-84.3022268125,38.80540705,2
-82.5257930375,38.80540705,4
-80.7493592625,38.80540705,3
-78.9729254875,38.80540705,5
-77.1964917125,38.80540705,4
-75.4200579375,38.80540705,2
-27.4563460125,38.80540705,1
-9.6920082625,38.80540705,4
-7.91557448750001,38.80540705,2
-6.13914071250002,38.80540705,3
-2.58627316250002,38.80540705,1
27.6131010125,38.80540705,1
139.5284288375,38.80540705,1
-123.3837698625,38.00945115,3
-121.6073360875,38.00945115,7
-119.8309023125,38.00945115,2
-118.0544685375,38.00945115,1
-96.7372632375,38.00945115,2
-93.1843956875,38.00945115,5
-91.4079619125,38.00945115,2
-89.6315281375,38.00945115,11
-86.0786605875,38.00945115,1
-84.3022268125,38.00945115,4
-82.5257930375,38.00945115,7
-80.7493592625,38.00945115,4
-77.1964917125,38.00945115,3
-75.4200579375,38.00945115,2
-25.6799122375,38.00945115,5
-7.91557448750001,38.00945115,3
-6.13914071250002,38.00945115,4
-2.58627316250002,38.00945115,1
-0.809839387500006,38.00945115,3
13.4016308125,38.00945115,1
24.0602334625,38.00945115,1
25.8366672375,38.00945115,1
139.5284288375,38.00945115,1
-123.3837698625,37.21349525,1
-121.6073360875,37.21349525,12
-118.0544685375,37.21349525,1
-114.5016009875,37.21349525,1
-93.1843956875,37.21349525,9
-91.4079619125,37.21349525,3
-89.6315281375,37.21349525,18
-87.8550943625,37.21349525,10
-84.3022268125,37.21349525,5
-80.7493592625,37.21349525,1
-7.91557448750001,37.21349525,9
-6.13914071250002,37.21349525,3
-2.58627316250002,37.21349525,1
22.2837996875,37.21349525,1
25.8366672375,37.21349525,1
27.6131010125,37.21349525,1
139.5284288375,37.21349525,1
-121.6073360875,36.41753935,2
-105.6194321125,36.41753935,1
-100.2901307875,36.41753935,1
-96.7372632375,36.41753935,1
-94.9608294625,36.41753935,2
-93.1843956875,36.41753935,6
-86.0786605875,36.41753935,2
-84.3022268125,36.41753935,2
-82.5257930375,36.41753935,3
-80.7493592625,36.41753935,4
-77.1964917125,36.41753935,1
-6.13914071250002,36.41753935,4
-2.58627316250002,36.41753935,1
25.8366672375,36.41753935,1
27.6131010125,36.41753935,3
31.1659685625,36.41753935,1
47.1538725375,36.41753935,1
127.0933924125,36.41753935,1
128.8698261875,36.41753935,1
137.7519950625,36.41753935,1
139.5284288375,36.41753935,2
141.3048626125,36.41753935,1
-121.6073360875,35.62158345,1
-119.8309023125,35.62158345,3
-114.5016009875,35.62158345,1
-93.1843956875,35.62158345,1
-91.4079619125,35.62158345,2
-87.8550943625,35.62158345,1
-84.3022268125,35.62158345,3
-82.5257930375,35.62158345,8
-80.7493592625,35.62158345,5
-78.9729254875,35.62158345,7
6.2958957125,35.62158345,1
24.0602334625,35.62158345,1
27.6131010125,35.62158345,1
45.3774387625,35.62158345,3
134.1991275125,35.62158345,4
135.9755612875,35.62158345,1
137.7519950625,35.62158345,3
139.5284288375,35.62158345,5
-119.8309023125,34.82562755,3
-118.0544685375,34.82562755,2
-116.2780347625,34.82562755,1
-112.7251672125,34.82562755,1
-109.1722996625,34.82562755,1
-93.1843956875,34.82562755,2
-87.8550943625,34.82562755,1
-84.3022268125,34.82562755,2
-82.5257930375,34.82562755,5
-80.7493592625,34.82562755,11
-78.9729254875,34.82562755,3
-0.809839387500006,34.82562755,1
24.0602334625,34.82562755,1
36.4952698875,34.82562755,1
127.0933924125,34.82562755,1
134.1991275125,34.82562755,1
135.9755612875,34.82562755,3
137.7519950625,34.82562755,4
139.5284288375,34.82562755,6
-119.8309023125,34.02967165,1
-118.0544685375,34.02967165,9
-116.2780347625,34.02967165,4
-112.7251672125,34.02967165,2
-110.9487334375,34.02967165,2
-103.8429983375,34.02967165,1
-98.5136970125,34.02967165,1
-87.8550943625,34.02967165,2
-86.0786605875,34.02967165,2
-84.3022268125,34.02967165,5
-80.7493592625,34.02967165,2
-78.9729254875,34.02967165,1
6.2958957125,34.02967165,1
132.4226937375,34.02967165,2
134.1991275125,34.02967165,1
135.9755612875,34.02967165,2
-118.0544685375,33.23371575,11
-116.2780347625,33.23371575,9
-114.5016009875,33.23371575,2
-112.7251672125,33.23371575,2
-110.9487334375,33.23371575,2
-109.1722996625,33.23371575,1
-107.3958658875,33.23371575,1
-105.6194321125,33.23371575,1
-103.8429983375,33.23371575,1
-98.5136970125,33.23371575,4
-96.7372632375,33.23371575,4
-87.8550943625,33.23371575,1
-86.0786605875,33.23371575,3
-84.3022268125,33.23371575,5
-82.5257930375,33.23371575,2
-80.7493592625,33.23371575,1
-78.9729254875,33.23371575,2
34.7188361125,33.23371575,1
127.0933924125,33.23371575,1
130.6462599625,33.23371575,1
132.4226937375,33.23371575,1
-118.0544685375,32.43775985,3
-116.2780347625,32.43775985,7
-114.5016009875,32.43775985,1
-110.9487334375,32.43775985,7
-109.1722996625,32.43775985,2
-107.3958658875,32.43775985,2
-105.6194321125,32.43775985,1
-103.8429983375,32.43775985,1
-98.5136970125,32.43775985,1
-96.7372632375,32.43775985,5
-94.9608294625,32.43775985,1
-93.1843956875,32.43775985,2
-87.8550943625,32.43775985,3
-86.0786605875,32.43775985,1
-84.3022268125,32.43775985,1
-80.7493592625,32.43775985,2
-16.7977433625,32.43775985,6
-6.13914071250002,32.43775985,1
34.7188361125,32.43775985,3
130.6462599625,32.43775985,1
-116.2780347625,31.64180395,1
-112.7251672125,31.64180395,1
-110.9487334375,31.64180395,6
-109.1722996625,31.64180395,2
-105.6194321125,31.64180395,1
-98.5136970125,31.64180395,1
-96.7372632375,31.64180395,1
-91.4079619125,31.64180395,4
-86.0786605875,31.64180395,2
-82.5257930375,31.64180395,1
-80.7493592625,31.64180395,1
34.7188361125,31.64180395,1
103.9997533375,31.64180395,2
130.6462599625,31.64180395,1
-103.8429983375,30.84584805,1
-98.5136970125,30.84584805,7
-96.7372632375,30.84584805,1
-94.9608294625,30.84584805,2
-93.1843956875,30.84584805,1
-91.4079619125,30.84584805,2
-89.6315281375,30.84584805,1
-87.8550943625,30.84584805,2
-86.0786605875,30.84584805,2
-84.3022268125,30.84584805,1
103.9997533375,30.84584805,1
130.6462599625,30.84584805,1
-116.2780347625,30.04989215,1
-114.5016009875,30.04989215,1
-103.8429983375,30.04989215,2
-102.0665645625,30.04989215,1
-100.2901307875,30.04989215,3
-98.5136970125,30.04989215,7
-96.7372632375,30.04989215,2
-94.9608294625,30.04989215,5
-91.4079619125,30.04989215,1
-89.6315281375,30.04989215,1
-87.8550943625,30.04989215,3
-84.3022268125,30.04989215,3
-82.5257930375,30.04989215,3
-80.7493592625,30.04989215,2
77.3532467125,30.04989215,1
109.3290546625,30.04989215,1
121.7640910875,30.04989215,2
-114.5016009875,29.25393625,1
-103.8429983375,29.25393625,1
-100.2901307875,29.25393625,3
-98.5136970125,29.25393625,2
-94.9608294625,29.25393625,1
-82.5257930375,29.25393625,5
-80.7493592625,29.25393625,3
82.6825480375,29.25393625,1
98.6704520125,29.25393625,1
100.4468857875,29.25393625,2
103.9997533375,29.25393625,1
111.1054884375,29.25393625,2
114.6583559875,29.25393625,1
118.2112235375,29.25393625,1
-96.7372632375,28.45798035,1
-82.5257930375,28.45798035,6
-80.7493592625,28.45798035,7
-18.5741771375,28.45798035,7
-16.7977433625,28.45798035,9
-15.0213095875,28.45798035,2
80.9061142625,28.45798035,1
82.6825480375,28.45798035,1
84.4589818125,28.45798035,1
98.6704520125,28.45798035,1
100.4468857875,28.45798035,1
121.7640910875,28.45798035,1
-96.7372632375,27.66202445,2
-82.5257930375,27.66202445,5
-80.7493592625,27.66202445,5
-18.5741771375,27.66202445,1
-15.0213095875,27.66202445,3
75.5768129375,27.66202445,1
84.4589818125,27.66202445,1
86.2354155875,27.66202445,2
89.7882831375,27.66202445,1
91.5647169125,27.66202445,1
93.3411506875,27.66202445,1
100.4468857875,27.66202445,1
-98.5136970125,26.86606855,1
-82.5257930375,26.86606855,5
-80.7493592625,26.86606855,8
70.2475116125,26.86606855,1
102.2233195625,26.86606855,1
-98.5136970125,26.07011265,2
-96.7372632375,26.07011265,1
-86.0786605875,26.07011265,1
-82.5257930375,26.07011265,4
-80.7493592625,26.07011265,8
73.8003791625,26.07011265,1
75.5768129375,26.07011265,2
102.2233195625,26.07011265,1
105.7761871125,26.07011265,1
109.3290546625,26.07011265,1
-100.2901307875,25.27415675,2
-80.7493592625,25.27415675,5
79.1296804875,25.27415675,1
91.5647169125,25.27415675,1
93.3411506875,25.27415675,1
98.6704520125,25.27415675,3
102.2233195625,25.27415675,1
112.8819222125,25.27415675,1
121.7640910875,25.27415675,14
-105.6194321125,24.47820085,1
-82.5257930375,24.47820085,1
-80.7493592625,24.47820085,1
-78.9729254875,24.47820085,1
-77.1964917125,24.47820085,1
72.0239453875,24.47820085,1
73.8003791625,24.47820085,1
100.4468857875,24.47820085,1
109.3290546625,24.47820085,1
118.2112235375,24.47820085,3
119.9876573125,24.47820085,4
121.7640910875,24.47820085,16
73.8003791625,23.68224495,1
102.2233195625,23.68224495,1
103.9997533375,23.68224495,1
114.6583559875,23.68224495,1
119.9876573125,23.68224495,15
121.7640910875,23.68224495,8
112.8819222125,22.88628905,2
114.6583559875,22.88628905,4
119.9876573125,22.88628905,13
121.7640910875,22.88628905,5
-158.9124453625,22.09033315,11
-102.0665645625,22.09033315,1
-100.2901307875,22.09033315,2
-80.7493592625,22.09033315,1
72.0239453875,22.09033315,1
89.7882831375,22.09033315,1
100.4468857875,22.09033315,2
107.5526208875,22.09033315,1
112.8819222125,22.09033315,1
114.6583559875,22.09033315,2
119.9876573125,22.09033315,6
121.7640910875,22.09033315,2
-158.9124453625,21.29437725,9
-157.1360115875,21.29437725,23
-102.0665645625,21.29437725,2
-100.2901307875,21.29437725,1
-98.5136970125,21.29437725,1
-89.6315281375,21.29437725,1
-87.8550943625,21.29437725,2
72.0239453875,21.29437725,1
73.8003791625,21.29437725,1
77.3532467125,21.29437725,1
-157.1360115875,20.49842135,5
-155.3595778125,20.49842135,4
-105.6194321125,20.49842135,1
-100.2901307875,20.49842135,1
73.8003791625,20.49842135,1
75.5768129375,20.49842135,1
-155.3595778125,19.70246545,27
-102.0665645625,19.70246545,1
-98.5136970125,19.70246545,2
-71.8671903875,19.70246545,1
73.8003791625,19.70246545,1
75.5768129375,19.70246545,1
98.6704520125,19.70246545,1
100.4468857875,19.70246545,1
-155.3595778125,18.90650955,1
-100.2901307875,18.90650955,1
-98.5136970125,18.90650955,1
-94.9608294625,18.90650955,1
-70.0907566125,18.90650955,1
-66.5378890625,18.90650955,1
73.8003791625,18.90650955,3
98.6704520125,18.90650955,3
109.3290546625,18.90650955,2
-94.9608294625,18.11055365,1
-93.1843956875,18.11055365,1
-87.8550943625,18.11055365,1
-66.5378890625,18.11055365,11
-64.7614552875,18.11055365,2
-62.9850215125,18.11055365,1
73.8003791625,18.11055365,3
82.6825480375,18.11055365,1
-89.6315281375,17.31459775,1
-87.8550943625,17.31459775,2
-62.9850215125,17.31459775,1
-61.2085877375,17.31459775,2
73.8003791625,17.31459775,2
79.1296804875,17.31459775,1
98.6704520125,17.31459775,1
102.2233195625,17.31459775,1
-96.7372632375,16.51864185,1
-93.1843956875,16.51864185,1
-91.4079619125,16.51864185,1
-89.6315281375,16.51864185,2
-61.2085877375,16.51864185,2
-96.7372632375,15.72268595,1
-93.1843956875,15.72268595,1
-91.4079619125,15.72268595,1
-87.8550943625,15.72268595,1
-61.2085877375,15.72268595,2
121.7640910875,15.72268595,1
-61.2085877375,14.92673005,1
48.9303063125,14.92673005,1
-86.0786605875,14.13077415,1
-0.809839387500006,14.13077415,1
75.5768129375,14.13077415,2
77.3532467125,14.13077415,2
-86.0786605875,13.33481825,3
-84.3022268125,13.33481825,2
-15.0213095875,13.33481825,1
-9.6920082625,13.33481825,1
-6.13914071250002,13.33481825,1
-2.58627316250002,13.33481825,1
-0.809839387500006,13.33481825,1
2.7430281625,13.33481825,1
77.3532467125,13.33481825,2
79.1296804875,13.33481825,1
80.9061142625,13.33481825,1
103.9997533375,13.33481825,1
144.8577301625,13.33481825,1
-86.0786605875,12.53886235,4
-84.3022268125,12.53886235,3
-11.4684420375,12.53886235,2
-4.36270693750001,12.53886235,1
-2.58627316250002,12.53886235,1
54.2596076375,12.53886235,2
77.3532467125,12.53886235,2
79.1296804875,12.53886235,1
98.6704520125,12.53886235,1
100.4468857875,12.53886235,2
109.3290546625,12.53886235,1
-86.0786605875,11.74290645,1
-84.3022268125,11.74290645,2
-61.2085877375,11.74290645,1
-15.0213095875,11.74290645,1
-13.2448758125,11.74290645,1
-2.58627316250002,11.74290645,1
2.7430281625,11.74290645,1
8.07232948749999,11.74290645,1
77.3532467125,11.74290645,2
103.9997533375,11.74290645,1
107.5526208875,11.74290645,1
109.3290546625,11.74290645,1
-86.0786605875,10.94695055,1
-84.3022268125,10.94695055,1
-73.6436241625,10.94695055,1
-61.2085877375,10.94695055,2
-4.36270693750001,10.94695055,1
0.966594387499981,10.94695055,2
2.7430281625,10.94695055,1
47.1538725375,10.94695055,1
75.5768129375,10.94695055,1
80.9061142625,10.94695055,1
-103.8429983375,10.15099465,1
-86.0786605875,10.15099465,2
-84.3022268125,10.15099465,7
-75.4200579375,10.15099465,1
-73.6436241625,10.15099465,3
-66.5378890625,10.15099465,1
-13.2448758125,10.15099465,1
-11.4684420375,10.15099465,1
0.966594387499981,10.15099465,2
2.7430281625,10.15099465,2
9.8487632625,10.15099465,2
43.6010049875,10.15099465,1
45.3774387625,10.15099465,1
75.5768129375,10.15099465,1
77.3532467125,10.15099465,2
-84.3022268125,9.35503875,3
-82.5257930375,9.35503875,1
-78.9729254875,9.35503875,1
-75.4200579375,9.35503875,1
-70.0907566125,9.35503875,1
-13.2448758125,9.35503875,1
-11.4684420375,9.35503875,2
-9.6920082625,9.35503875,1
-4.36270693750001,9.35503875,1
-2.58627316250002,9.35503875,1
2.7430281625,9.35503875,4
77.3532467125,9.35503875,2
123.5405248625,9.35503875,1
125.3169586375,9.35503875,1
-84.3022268125,8.55908285,1
-82.5257930375,8.55908285,1
-80.7493592625,8.55908285,2
-75.4200579375,8.55908285,1
-71.8671903875,8.55908285,2
-9.6920082625,8.55908285,1
2.7430281625,8.55908285,3
77.3532467125,8.55908285,2
100.4468857875,8.55908285,1
125.3169586375,8.55908285,1
-77.1964917125,7.76312695,3
-75.4200579375,7.76312695,5
-73.6436241625,7.76312695,2
-71.8671903875,7.76312695,4
-9.6920082625,7.76312695,1
-7.91557448750001,7.76312695,1
2.7430281625,7.76312695,3
100.4468857875,7.76312695,1
125.3169586375,7.76312695,2
134.1991275125,7.76312695,1
-77.1964917125,6.96717105,5
-75.4200579375,6.96717105,9
-73.6436241625,6.96717105,11
-71.8671903875,6.96717105,2
-9.6920082625,6.96717105,1
-7.91557448750001,6.96717105,1
2.7430281625,6.96717105,2
9.8487632625,6.96717105,1
11.6251970375,6.96717105,1
38.2717036625,6.96717105,1
40.0481374375,6.96717105,2
79.1296804875,6.96717105,1
80.9061142625,6.96717105,1
125.3169586375,6.96717105,2
-75.4200579375,6.17121515,12
-73.6436241625,6.17121515,2
-62.9850215125,6.17121515,1
-61.2085877375,6.17121515,1
-59.4321539625,6.17121515,1
-0.809839387500006,6.17121515,2
2.7430281625,6.17121515,2
9.8487632625,6.17121515,1
116.4347897625,6.17121515,1
118.2112235375,6.17121515,1
-75.4200579375,5.37525925,7
-73.6436241625,5.37525925,6
-71.8671903875,5.37525925,4
-62.9850215125,5.37525925,1
-61.2085877375,5.37525925,2
-59.4321539625,5.37525925,2
-57.6557201875,5.37525925,1
-55.8792864125,5.37525925,2
-52.3264188625,5.37525925,2
9.8487632625,5.37525925,1
11.6251970375,5.37525925,1
-75.4200579375,4.57930335,8
-73.6436241625,4.57930335,12
-64.7614552875,4.57930335,1
-61.2085877375,4.57930335,2
-59.4321539625,4.57930335,1
-57.6557201875,4.57930335,2
-55.8792864125,4.57930335,2
-52.3264188625,4.57930335,5
9.8487632625,4.57930335,2
11.6251970375,4.57930335,1
102.2233195625,4.57930335,1
-75.4200579375,3.78334744999999,1
-73.6436241625,3.78334744999999,2
-68.3143228375,3.78334744999999,1
-66.5378890625,3.78334744999999,1
-64.7614552875,3.78334744999999,1
-57.6557201875,3.78334744999999,1
-55.8792864125,3.78334744999999,4
-54.1028526375,3.78334744999999,1
-52.3264188625,3.78334744999999,2
9.8487632625,3.78334744999999,1
11.6251970375,3.78334744999999,1
32.9424023375,3.78334744999999,1
114.6583559875,3.78334744999999,1
-70.0907566125,2.98739155,1
-59.4321539625,2.98739155,1
-55.8792864125,2.98739155,2
-50.5499850875,2.98739155,1
11.6251970375,2.98739155,1
38.2717036625,2.98739155,1
102.2233195625,2.98739155,3
-77.1964917125,2.19143565,2
-73.6436241625,2.19143565,1
-68.3143228375,2.19143565,1
-59.4321539625,2.19143565,1
-119.8309023125,1.39547975000001,1
-78.9729254875,1.39547975000001,1
-77.1964917125,1.39547975000001,3
-59.4321539625,1.39547975000001,1
9.8487632625,1.39547975000001,1
34.7188361125,1.39547975000001,1
103.9997533375,1.39547975000001,3
-77.1964917125,0.599523849999997,2
-75.4200579375,0.599523849999997,1
-70.0907566125,0.599523849999997,1
-66.5378890625,0.599523849999997,3
-62.9850215125,0.599523849999997,1
-45.2206837625,0.599523849999997,1
11.6251970375,0.599523849999997,1
13.4016308125,0.599523849999997,1
31.1659685625,0.599523849999997,1
32.9424023375,0.599523849999997,1
38.2717036625,0.599523849999997,3
119.9876573125,0.599523849999997,1
-78.9729254875,-0.196432049999999,1
-77.1964917125,-0.196432049999999,1
-71.8671903875,-0.196432049999999,1
-70.0907566125,-0.196432049999999,1
-62.9850215125,-0.196432049999999,1
-0.809839387500006,-0.196432049999999,3
13.4016308125,-0.196432049999999,2
36.4952698875,-0.196432049999999,1
38.2717036625,-0.196432049999999,3
-89.6315281375,-0.992387949999994,2
-77.1964917125,-0.992387949999994,2
-73.6436241625,-0.992387949999994,5
-62.9850215125,-0.992387949999994,1
-52.3264188625,-0.992387949999994,1
-50.5499850875,-0.992387949999994,2
-48.7735513125,-0.992387949999994,1
-46.9971175375,-0.992387949999994,3
9.8487632625,-0.992387949999994,1
36.4952698875,-0.992387949999994,3
40.0481374375,-0.992387949999994,1
-77.1964917125,-1.78834385,1
-73.6436241625,-1.78834385,1
-61.2085877375,-1.78834385,1
-50.5499850875,-1.78834385,3
-48.7735513125,-1.78834385,3
-46.9971175375,-1.78834385,1
-41.6678162125,-1.78834385,1
-4.36270693750001,-1.78834385,1
13.4016308125,-1.78834385,1
31.1659685625,-1.78834385,1
34.7188361125,-1.78834385,1
-78.9729254875,-2.58429975,3
-54.1028526375,-2.58429975,2
-48.7735513125,-2.58429975,2
29.3895347875,-2.58429975,1
34.7188361125,-2.58429975,1
38.2717036625,-2.58429975,2
-78.9729254875,-3.38025565,5
-73.6436241625,-3.38025565,1
-59.4321539625,-3.38025565,1
-41.6678162125,-3.38025565,1
-39.8913824375,-3.38025565,2
-38.1149486625,-3.38025565,1
34.7188361125,-3.38025565,1
36.4952698875,-3.38025565,1
38.2717036625,-3.38025565,2
-78.9729254875,-4.17621155,4
-70.0907566125,-4.17621155,1
-41.6678162125,-4.17621155,1
29.3895347875,-4.17621155,1
36.4952698875,-4.17621155,1
56.0360414125,-4.17621155,1
-78.9729254875,-4.97216745,1
-62.9850215125,-4.97216745,1
56.0360414125,-4.97216745,1
143.0812963875,-4.97216745,1
146.6341639375,-4.97216745,2
150.1870314875,-4.97216745,1
-77.1964917125,-5.76812335,1
-62.9850215125,-5.76812335,1
-55.8792864125,-5.76812335,1
-50.5499850875,-5.76812335,1
-38.1149486625,-5.76812335,1
40.0481374375,-5.76812335,1
144.8577301625,-5.76812335,1
150.1870314875,-5.76812335,1
151.9634652625,-5.76812335,1
-78.9729254875,-6.56407925000001,1
-77.1964917125,-6.56407925000001,3
107.5526208875,-6.56407925000001,2
-77.1964917125,-7.36003515,2
-73.6436241625,-7.36003515,1
-38.1149486625,-7.36003515,1
-36.3385148875,-7.36003515,1
15.1780645875,-7.36003515,1
29.3895347875,-7.36003515,1
36.4952698875,-7.36003515,1
111.1054884375,-7.36003515,1
146.6341639375,-7.36003515,1
155.5163328125,-7.36003515,1
-59.4321539625,-8.15599105,1
-48.7735513125,-8.15599105,1
-38.1149486625,-8.15599105,1
-36.3385148875,-8.15599105,1
29.3895347875,-8.15599105,1
116.4347897625,-8.15599105,2
157.2927665875,-8.15599105,1
-77.1964917125,-8.95194695000001,1
-43.4442499875,-8.95194695000001,1
-38.1149486625,-8.95194695000001,2
-36.3385148875,-8.95194695000001,1
25.8366672375,-8.95194695000001,1
27.6131010125,-8.95194695000001,1
-52.3264188625,-9.74790285,4
-41.6678162125,-9.74790285,1
-36.3385148875,-9.74790285,1
27.6131010125,-9.74790285,1
31.1659685625,-9.74790285,1
32.9424023375,-9.74790285,2
160.8456341375,-9.74790285,1
-62.9850215125,-10.54385875,1
-39.8913824375,-10.54385875,1
-38.1149486625,-10.54385875,1
27.6131010125,-10.54385875,1
29.3895347875,-10.54385875,1
32.9424023375,-10.54385875,1
38.2717036625,-10.54385875,1
105.7761871125,-10.54385875,1
-41.6678162125,-11.33981465,2
-38.1149486625,-11.33981465,1
27.6131010125,-11.33981465,1
-55.8792864125,-12.13577055,2
-43.4442499875,-12.13577055,1
-41.6678162125,-12.13577055,1
-39.8913824375,-12.13577055,3
-38.1149486625,-12.13577055,1
31.1659685625,-12.13577055,1
43.6010049875,-12.13577055,1
48.9303063125,-12.13577055,2
130.6462599625,-12.13577055,1
132.4226937375,-12.13577055,1
-71.8671903875,-12.93172645,1
-41.6678162125,-12.93172645,3
-39.8913824375,-12.93172645,4
48.9303063125,-12.93172645,2
130.6462599625,-12.93172645,2
132.4226937375,-12.93172645,2
134.1991275125,-12.93172645,1
143.0812963875,-12.93172645,2
-73.6436241625,-13.72768235,1
-71.8671903875,-13.72768235,1
-46.9971175375,-13.72768235,1
-41.6678162125,-13.72768235,3
-39.8913824375,-13.72768235,7
13.4016308125,-13.72768235,1
29.3895347875,-13.72768235,1
132.4226937375,-13.72768235,1
-68.3143228375,-14.52363825,2
-61.2085877375,-14.52363825,1
-55.8792864125,-14.52363825,1
-46.9971175375,-14.52363825,1
-45.2206837625,-14.52363825,1
-43.4442499875,-14.52363825,1
-39.8913824375,-14.52363825,2
29.3895347875,-14.52363825,1
48.9303063125,-14.52363825,2
125.3169586375,-14.52363825,1
127.0933924125,-14.52363825,1
130.6462599625,-14.52363825,1
-55.8792864125,-15.31959415,1
-48.7735513125,-15.31959415,3
-46.9971175375,-15.31959415,3
-39.8913824375,-15.31959415,5
-29.2327797875,-15.31959415,1
48.9303063125,-15.31959415,1
125.3169586375,-15.31959415,2
127.0933924125,-15.31959415,1
128.8698261875,-15.31959415,1
144.8577301625,-15.31959415,1
-50.5499850875,-16.11555005,1
-46.9971175375,-16.11555005,2
-41.6678162125,-16.11555005,2
-6.13914071250002,-16.11555005,1
25.8366672375,-16.11555005,1
125.3169586375,-16.11555005,1
127.0933924125,-16.11555005,1
128.8698261875,-16.11555005,1
144.8577301625,-16.11555005,1
-70.0907566125,-16.91150595,1
-66.5378890625,-16.91150595,2
-43.4442499875,-16.91150595,2
-39.8913824375,-16.91150595,1
13.4016308125,-16.91150595,1
31.1659685625,-16.91150595,1
125.3169586375,-16.91150595,1
128.8698261875,-16.91150595,1
144.8577301625,-16.91150595,4
146.6341639375,-16.91150595,3
-150.0302764875,-17.70746185,1
-64.7614552875,-17.70746185,2
-43.4442499875,-17.70746185,2
-41.6678162125,-17.70746185,2
-39.8913824375,-17.70746185,2
31.1659685625,-17.70746185,3
32.9424023375,-17.70746185,1
47.1538725375,-17.70746185,1
48.9303063125,-17.70746185,1
144.8577301625,-17.70746185,5
146.6341639375,-17.70746185,6
-64.7614552875,-18.50341775,2
-48.7735513125,-18.50341775,1
-45.2206837625,-18.50341775,1
-43.4442499875,-18.50341775,4
-39.8913824375,-18.50341775,3
31.1659685625,-18.50341775,2
47.1538725375,-18.50341775,2
48.9303063125,-18.50341775,5
137.7519950625,-18.50341775,1
144.8577301625,-18.50341775,2
146.6341639375,-18.50341775,1
-64.7614552875,-19.29937365,1
-43.4442499875,-19.29937365,3
-41.6678162125,-19.29937365,3
-39.8913824375,-19.29937365,3
13.4016308125,-19.29937365,1
16.9544983625,-19.29937365,1
45.3774387625,-19.29937365,1
47.1538725375,-19.29937365,2
48.9303063125,-19.29937365,3
144.8577301625,-19.29937365,1
146.6341639375,-19.29937365,3
-64.7614552875,-20.09532955,1
-45.2206837625,-20.09532955,1
-43.4442499875,-20.09532955,8
-41.6678162125,-20.09532955,6
-39.8913824375,-20.09532955,13
15.1780645875,-20.09532955,1
20.5073659125,-20.09532955,1
29.3895347875,-20.09532955,3
31.1659685625,-20.09532955,1
32.9424023375,-20.09532955,1
47.1538725375,-20.09532955,4
148.4105977125,-20.09532955,1
164.3985016875,-20.09532955,1
169.7278030125,-20.09532955,1
-158.9124453625,-20.89128545,1
-61.2085877375,-20.89128545,1
-50.5499850875,-20.89128545,1
-46.9971175375,-20.89128545,1
-45.2206837625,-20.89128545,3
-43.4442499875,-20.89128545,1
-41.6678162125,-20.89128545,5
-39.8913824375,-20.89128545,2
-29.2327797875,-20.89128545,1
16.9544983625,-20.89128545,1
22.2837996875,-20.89128545,1
27.6131010125,-20.89128545,3
29.3895347875,-20.89128545,2
47.1538725375,-20.89128545,4
56.0360414125,-20.89128545,6
146.6341639375,-20.89128545,1
-66.5378890625,-21.68724135,1
-64.7614552875,-21.68724135,2
-46.9971175375,-21.68724135,1
-45.2206837625,-21.68724135,2
-43.4442499875,-21.68724135,4
-41.6678162125,-21.68724135,4
15.1780645875,-21.68724135,2
16.9544983625,-21.68724135,2
47.1538725375,-21.68724135,2
56.0360414125,-21.68724135,1
166.1749354625,-21.68724135,1
-66.5378890625,-22.48319725,1
-64.7614552875,-22.48319725,1
-45.2206837625,-22.48319725,8
-43.4442499875,-22.48319725,5
-41.6678162125,-22.48319725,4
15.1780645875,-22.48319725,2
16.9544983625,-22.48319725,3
25.8366672375,-22.48319725,1
29.3895347875,-22.48319725,5
31.1659685625,-22.48319725,3
45.3774387625,-22.48319725,1
47.1538725375,-22.48319725,2
146.6341639375,-22.48319725,1
166.1749354625,-22.48319725,1
-70.0907566125,-23.27915315,1
-68.3143228375,-23.27915315,1
-64.7614552875,-23.27915315,1
-52.3264188625,-23.27915315,1
-46.9971175375,-23.27915315,4
-45.2206837625,-23.27915315,4
-43.4442499875,-23.27915315,6
29.3895347875,-23.27915315,5
31.1659685625,-23.27915315,1
148.4105977125,-23.27915315,1
150.1870314875,-23.27915315,2
-64.7614552875,-24.07510905,2
-48.7735513125,-24.07510905,1
-46.9971175375,-24.07510905,3
-45.2206837625,-24.07510905,1
16.9544983625,-24.07510905,1
27.6131010125,-24.07510905,5
29.3895347875,-24.07510905,9
31.1659685625,-24.07510905,4
150.1870314875,-24.07510905,1
-61.2085877375,-24.87106495,1
-54.1028526375,-24.87106495,1
-52.3264188625,-24.87106495,1
-50.5499850875,-24.87106495,2
-48.7735513125,-24.87106495,8
-46.9971175375,-24.87106495,1
15.1780645875,-24.87106495,1
16.9544983625,-24.87106495,1
25.8366672375,-24.87106495,1
27.6131010125,-24.87106495,5
29.3895347875,-24.87106495,5
31.1659685625,-24.87106495,7
47.1538725375,-24.87106495,3
151.9634652625,-24.87106495,1
-54.1028526375,-25.66702085,1
-52.3264188625,-25.66702085,2
-50.5499850875,-25.66702085,4
-48.7735513125,-25.66702085,11
25.8366672375,-25.66702085,1
27.6131010125,-25.66702085,9
29.3895347875,-25.66702085,7
31.1659685625,-25.66702085,6
132.4226937375,-25.66702085,1
151.9634652625,-25.66702085,2
153.7398990375,-25.66702085,1
-66.5378890625,-26.46297675,1
-54.1028526375,-26.46297675,1
-52.3264188625,-26.46297675,1
-50.5499850875,-26.46297675,1
-48.7735513125,-26.46297675,2
16.9544983625,-26.46297675,1
22.2837996875,-26.46297675,1
27.6131010125,-26.46297675,8
29.3895347875,-26.46297675,4
31.1659685625,-26.46297675,6
150.1870314875,-26.46297675,1
151.9634652625,-26.46297675,4
153.7398990375,-26.46297675,5
-59.4321539625,-27.25893265,1
-52.3264188625,-27.25893265,1
-48.7735513125,-27.25893265,7
18.7309321375,-27.25893265,1
25.8366672375,-27.25893265,1
27.6131010125,-27.25893265,1
31.1659685625,-27.25893265,2
32.9424023375,-27.25893265,1
151.9634652625,-27.25893265,9
153.7398990375,-27.25893265,10
-66.5378890625,-28.05488855,1
-55.8792864125,-28.05488855,1
-50.5499850875,-28.05488855,1
-48.7735513125,-28.05488855,2
22.2837996875,-28.05488855,1
29.3895347875,-28.05488855,1
31.1659685625,-28.05488855,2
151.9634652625,-28.05488855,2
153.7398990375,-28.05488855,8
-68.3143228375,-28.85084445,1
-52.3264188625,-28.85084445,7
-50.5499850875,-28.85084445,6
-48.7735513125,-28.85084445,3
18.7309321375,-28.85084445,1
20.5073659125,-28.85084445,1
22.2837996875,-28.85084445,2
24.0602334625,-28.85084445,1
25.8366672375,-28.85084445,4
27.6131010125,-28.85084445,2
29.3895347875,-28.85084445,2
148.4105977125,-28.85084445,1
151.9634652625,-28.85084445,3
153.7398990375,-28.85084445,6
167.9513692375,-28.85084445,3
-68.3143228375,-29.64680035,1
-66.5378890625,-29.64680035,1
-55.8792864125,-29.64680035,1
-54.1028526375,-29.64680035,2
-50.5499850875,-29.64680035,4
20.5073659125,-29.64680035,1
22.2837996875,-29.64680035,1
24.0602334625,-29.64680035,1
27.6131010125,-29.64680035,2
29.3895347875,-29.64680035,3
31.1659685625,-29.64680035,6
114.6583559875,-29.64680035,1
151.9634652625,-29.64680035,1
153.7398990375,-29.64680035,1
-62.9850215125,-30.44275625,1
-57.6557201875,-30.44275625,1
-55.8792864125,-30.44275625,2
-52.3264188625,-30.44275625,2
22.2837996875,-30.44275625,1
24.0602334625,-30.44275625,1
27.6131010125,-30.44275625,2
29.3895347875,-30.44275625,4
31.1659685625,-30.44275625,2
116.4347897625,-30.44275625,1
144.8577301625,-30.44275625,1
146.6341639375,-30.44275625,1
148.4105977125,-30.44275625,1
151.9634652625,-30.44275625,2
153.7398990375,-30.44275625,6
-68.3143228375,-31.23871215,1
-64.7614552875,-31.23871215,1
-62.9850215125,-31.23871215,1
-55.8792864125,-31.23871215,1
25.8366672375,-31.23871215,1
27.6131010125,-31.23871215,2
29.3895347875,-31.23871215,3
116.4347897625,-31.23871215,1
141.3048626125,-31.23871215,1
151.9634652625,-31.23871215,3
153.7398990375,-31.23871215,4
159.0692003625,-31.23871215,2
-57.6557201875,-32.03466805,1
22.2837996875,-32.03466805,1
24.0602334625,-32.03466805,1
25.8366672375,-32.03466805,2
116.4347897625,-32.03466805,4
121.7640910875,-32.03466805,1
135.9755612875,-32.03466805,1
151.9634652625,-32.03466805,13
-71.8671903875,-32.83062395,1
-57.6557201875,-32.83062395,1
18.7309321375,-32.83062395,1
20.5073659125,-32.83062395,1
25.8366672375,-32.83062395,1
27.6131010125,-32.83062395,1
121.7640910875,-32.83062395,1
137.7519950625,-32.83062395,1
151.9634652625,-32.83062395,5
-78.9729254875,-33.62657985,1
-71.8671903875,-33.62657985,1
-59.4321539625,-33.62657985,1
18.7309321375,-33.62657985,7
20.5073659125,-33.62657985,3
22.2837996875,-33.62657985,7
24.0602334625,-33.62657985,3
25.8366672375,-33.62657985,5
114.6583559875,-33.62657985,2
116.4347897625,-33.62657985,4
118.2112235375,-33.62657985,1
121.7640910875,-33.62657985,1
123.5405248625,-33.62657985,1
150.1870314875,-33.62657985,14
151.9634652625,-33.62657985,9
-57.6557201875,-34.42253575,1
-55.8792864125,-34.42253575,3
-54.1028526375,-34.42253575,2
18.7309321375,-34.42253575,5
20.5073659125,-34.42253575,2
22.2837996875,-34.42253575,7
24.0602334625,-34.42253575,1
116.4347897625,-34.42253575,1
123.5405248625,-34.42253575,1
139.5284288375,-34.42253575,1
143.0812963875,-34.42253575,3
150.1870314875,-34.42253575,18
151.9634652625,-34.42253575,2
-55.8792864125,-35.21849165,1
116.4347897625,-35.21849165,1
118.2112235375,-35.21849165,2
137.7519950625,-35.21849165,5
139.5284288375,-35.21849165,9
148.4105977125,-35.21849165,26
150.1870314875,-35.21849165,6
173.2806705625,-35.21849165,9
175.0571043375,-35.21849165,1
-71.8671903875,-36.01444755,1
139.5284288375,-36.01444755,2
141.3048626125,-36.01444755,2
144.8577301625,-36.01444755,2
146.6341639375,-36.01444755,3
148.4105977125,-36.01444755,12
150.1870314875,-36.01444755,10
175.0571043375,-36.01444755,9
-71.8671903875,-36.81040345,2
-62.9850215125,-36.81040345,1
141.3048626125,-36.81040345,1
143.0812963875,-36.81040345,4
144.8577301625,-36.81040345,3
146.6341639375,-36.81040345,5
148.4105977125,-36.81040345,1
150.1870314875,-36.81040345,3
175.0571043375,-36.81040345,20
141.3048626125,-37.60635935,2
143.0812963875,-37.60635935,4
144.8577301625,-37.60635935,22
146.6341639375,-37.60635935,5
175.0571043375,-37.60635935,9
176.8335381125,-37.60635935,3
-73.6436241625,-38.40231525,1
-57.6557201875,-38.40231525,1
141.3048626125,-38.40231525,1
143.0812963875,-38.40231525,3
144.8577301625,-38.40231525,7
146.6341639375,-38.40231525,4
175.0571043375,-38.40231525,8
176.8335381125,-38.40231525,8
-71.8671903875,-39.19827115,4
146.6341639375,-39.19827115,2
173.2806705625,-39.19827115,8
175.0571043375,-39.19827115,13
-73.6436241625,-39.99422705,2
175.0571043375,-39.99422705,4
176.8335381125,-39.99422705,5
-73.6436241625,-40.79018295,1
-71.8671903875,-40.79018295,1
-64.7614552875,-40.79018295,1
146.6341639375,-40.79018295,2
171.5042367875,-40.79018295,6
173.2806705625,-40.79018295,8
175.0571043375,-40.79018295,14
144.8577301625,-41.58613885,1
146.6341639375,-41.58613885,4
171.5042367875,-41.58613885,4
173.2806705625,-41.58613885,11
175.0571043375,-41.58613885,10
-73.6436241625,-42.38209475,2
-71.8671903875,-42.38209475,1
146.6341639375,-42.38209475,3
171.5042367875,-42.38209475,7
173.2806705625,-42.38209475,7
146.6341639375,-43.17805065,7
148.4105977125,-43.17805065,1
169.7278030125,-43.17805065,2
171.5042367875,-43.17805065,11
173.2806705625,-43.17805065,3
-176.6767831125,-43.97400655,3
167.9513692375,-43.97400655,1
169.7278030125,-43.97400655,2
171.5042367875,-43.97400655,4
173.2806705625,-43.97400655,3
167.9513692375,-44.76996245,4
169.7278030125,-44.76996245,2
166.1749354625,-45.56591835,1
167.9513692375,-45.56591835,4
169.7278030125,-45.56591835,8
171.5042367875,-45.56591835,1
-73.6436241625,-46.36187425,2
167.9513692375,-46.36187425,6
169.7278030125,-46.36187425,4
167.9513692375,-47.15783015,5
-73.6436241625,-51.13760965,1
-59.4321539625,-51.93356555,1
-71.8671903875,-53.52547735,1
-70.0907566125,-53.52547735,1
-71.8671903875,-54.32143325,1
-38.1149486625,-54.32143325,1
-68.3143228375,-55.11738915,3
-66.5378890625,-55.11738915,1
75.5768129375,-69.44459535,1
-11.4684420375,-71.03650715,1
-176.6767831125,-77.40415435,1
160.8456341375,-77.40415435,1
162.6220679125,-77.40415435,1
160.8456341375,-78.20011025,1
-94.9608294625,-79.79202205,1
